"","Var1","Var2","Freq"
"112","rad","tax",0.910228188533187
"82","nox","dis",-0.769230113225828
"42","indus","nox",0.763651446920915
